Item,Starting Price,Notes
Fridge freezer,From £229,Final quote depends on brand size finish condition and quality
Electric cooker,From £179,Final quote depends on brand condition and electrical requirements
Washing machine,From £179,Final quote depends on brand drum size condition and quality
Dryer,From £144,Final quote depends on brand type condition and ventilation requirements
Washing machine and dryer bundle,From £389,Starting bundle price for standard used units; higher-quality brands may cost more
Dishwasher,From £109,Final quote depends on brand condition and installation requirements
Microwave,From £89,Countertop starting price; combination and over-hob requests may cost more
Over-hob microwave,From £104,Final quote depends on brand bracket and vent setup
Landlord turnover set,From £1299,Starting package price; final quote depends on selected appliance brands and quality tier
